{"location_data":[{"va":6,"co":129.7266,"la":37.76923,"lo":-122.3986,"sp":0,"am":false,"al":-12,"da":1397794570,"ha":10},{"va":6,"co":129.7266,"la":37.76923,"lo":-122.3986,"sp":0,"am":false,"al":-13,"da":1397794572,"ha":5}],"motion_data":[{"ac":[0,0,2,24,2,1,0,0,0,0,0,0],"te":1397794570,"ts":1397794555},{"ac":[0,0,0,28,1,0,0,0,0,0,0,0],"te":1397794585,"ts":1397794570},{"ac":[0,0,0,60,0,0,0,0,0,0,0,0],"te":1397794615,"ts":1397794585}],"metadata":{"app_version":"2.2"}}